<?xml version="1.0" encoding="UTF-8"?>
<!DOCTYPE tiles-definitions PUBLIC
  "-//Apache Software Foundation//DTD Tiles Configuration 3.0//EN"
  "http://tiles.apache.org/dtds/tiles-config_3_0.dtd">
  
<tiles-definitions>
 
        <!-- base tiles layout add -->
 
	<definition name="base" template="/WEB-INF/tiles/baseLayout.jsp">
         <put-attribute name="title" value="제목" />
     	 <put-attribute name="menu" value="/WEB-INF/tiles/menu.jsp" />
     	 <put-attribute name="header" value="머리말" />
     	 <put-attribute name="body" value="" />
     	 <put-attribute name="footer" value="/WEB-INF/tiles/footer.jsp" />
	</definition>
 
 
 	<definition name="webpage16_01" extends="base">
      <put-attribute name="title" value="타일즈" />
      <put-attribute name="header" value="Chapter16 예제" />
   
      <put-attribute name="body" value="/WEB-INF/views/webpage16_01.jsp" />
   </definition>
 
 
</tiles-definitions>