<?xml version="1.0" encoding="UTF-8"?>
<beans:beans
	xmlns="http://www.springframework.org/schema/security"
	xmlns:beans="http://www.springframework.org/schema/beans"
	xmlns:xsi="http://www.w3.org/2001/XMLSchema-instance"
	xsi:schemaLocation="http://www.springframework.org/schema/beans
 http://www.springframework.org/schema/beans/spring-beans.xsd
 http://www.springframework.org/schema/security
 http://www.springframework.org/schema/security/spring-security.xsd">
	<!-- Root Context: defines shared resources visible to all other web components -->
	
	
	<http auto-config="true" use-expressions="true">
       <intercept-url pattern="/admin/**"  access="hasAuthority('ROLE_ADMIN')" />
        <intercept-url pattern="/manager/**"  access="hasRole('ROLE_MANAGER')" />
        <intercept-url pattern="/member/**"  access="isAuthenticated()" />
        <intercept-url pattern="/**"  access="permitAll" /> 
    </http>
    
    
    <authentication-manager>
    	<authentication-provider>
        	<user-service>
        		<user name="admin"  password="{noop}1234" authorities="ROLE_ADMIN, ROLE_USER"/> 
        		<user name="manager"  password="{noop}1235" authorities="ROLE_MANAGER"/>
        		   <user name="guest"  password="{noop}1236" authorities="ROLE_USER"/>    
        	 </user-service>
    	</authentication-provider>
	</authentication-manager>

</beans:beans>
