<?xml version="1.0" encoding="UTF-8" ?>
<!DOCTYPE tiles-definitions PUBLIC "-//Apache Software Foundation//DTD  Tiles Configuration 3.0//EN" 
"http://tiles.apache.org/dtds/tiles-config_3_0.dtd">

<tiles-definitions>
    <definition name="base-Template" template="/WEB-INF/tiles/layout/defaultLayout.jsp">  
        <put-attribute name="title" value="Sample Title" />
        <put-attribute name="heading" value="" />
        <put-attribute name="subheading" value="" />
        <put-attribute name="menu" value="/WEB-INF/tiles/template/menu.jsp" />
        <put-attribute name="content" value="" />
        <put-attribute name="footer" value="/WEB-INF/tiles/template/footer.jsp"/>
    </definition> 
    
    <definition name="welcome" extends="base-Template"> 
        <put-attribute name="title" value="Welcome" />
        <put-attribute name="heading" value="도서 웹 쇼핑몰" />
        <put-attribute name="subheading" value="Welcome to BookMarket" />
        <put-attribute name="content" value="/WEB-INF/views/welcome.jsp" />
    </definition>

    <definition name="books" extends="base-Template">
        <put-attribute name="title" value="Books" />
        <put-attribute name="heading" value="도서 목록" />
        <put-attribute name="subheading" value="Books List" />
        <put-attribute name="content" value="/WEB-INF/views/books.jsp" />
    </definition>

    <definition name="book" extends="base-Template">
        <put-attribute name="title" value="Book" />
        <put-attribute name="heading" value="도서 정보" />
        <put-attribute name="subheading" value="Book Details" />
        <put-attribute name="content" value="/WEB-INF/views/book.jsp" />
    </definition>

    <definition name="addBook" extends="base-Template">
        <put-attribute name="title" value="Books" />
        <put-attribute name="heading" value="도서 등록" />
        <put-attribute name="subheading" value="Book Addition" />
        <put-attribute name="content" value="/WEB-INF/views/addBook.jsp"/>
    </definition>

    <definition name="login" extends="base-Template">
        <put-attribute name="title" value="Login" />
        <put-attribute name="heading" value="로그인" />
        <put-attribute name="subheading" value="Login" />
        <put-attribute name="content" value="/WEB-INF/views/login.jsp" />
    </definition>

    <definition name="cart" extends="base-Template">
        <put-attribute name="title" value="Shpping Cart" />
        <put-attribute name="heading" value="장바구니" />
        <put-attribute name="subheading" value="Shopping Cart" />
        <put-attribute name="content" value="/WEB-INF/views/cart.jsp" />
    </definition>
    
    <definition name="orderCustomerInfo" extends="base-Template">  
        <put-attribute name="title" value="Order" />
        <put-attribute name="heading" value="고객정보" />
        <put-attribute name="subheading" value="Customer Details" />
        <put-attribute name="content" value="/WEB-INF/flows/order/orderCustomerInfo.jsp" />
    </definition>

    <definition name="orderShippingInfo" extends="base-Template">
        <put-attribute name="title" value="Order" />
        <put-attribute name="heading" value="배송정보" />
        <put-attribute name="subheading" value="Shipping Details" />
        <put-attribute name="content" value="/WEB-INF/flows/order/orderShippingInfo.jsp" />
    </definition>

    <definition name="orderConfirmation" extends="base-Template">
        <put-attribute name="title" value="Order" />
        <put-attribute name="heading" value="주문정보" />
        <put-attribute name="subheading" value="Order Confirmation" />
        <put-attribute name="content" value="/WEB-INF/flows/order/orderConfirmation.jsp" />
    </definition>

    <definition name="orderFinished" extends="base-Template">
        <put-attribute name="title" value="Order" />
        <put-attribute name="heading" value="주문 완료" />
         <put-attribute name="subheading" value="Thanks you" />
        <put-attribute name="content" value="/WEB-INF/flows/order/orderFinished.jsp" />
    </definition>

    <definition name="orderCartWarning" extends="base-Template">
        <put-attribute name="title" value="Order" />
        <put-attribute name="heading" value="주문 취소" />
        <put-attribute name="subheading" value="Invalid Cart" />
        <put-attribute name="content" value="/WEB-INF/flows/order/orderCartWarning.jsp" />
    </definition>   
    
</tiles-definitions>